{
  "backfill_complete": false,
  "frontier_ts": 1784419308.772712,
  "last_run_utc": "2026-07-19T10:58:59.099519+00:00",
  "newest_ts": 1784457985.657613
}
