{
  "backfill_complete": false,
  "frontier_ts": 1784432355.133328,
  "last_run_utc": "2026-07-19T04:34:39.796123+00:00",
  "newest_ts": 1784435629.589863
}
