{
  "backfill_complete": false,
  "frontier_ts": 1784411267.576829,
  "last_run_utc": "2026-07-20T12:31:13.273150+00:00",
  "newest_ts": 1784548799.572482
}
