{
  "backfill_complete": false,
  "frontier_ts": 1784432668.088786,
  "last_run_utc": "2026-07-19T04:14:55.839790+00:00",
  "newest_ts": 1784434464.753938
}
