{
  "backfill_complete": false,
  "frontier_ts": 1784347974.318774,
  "last_run_utc": "2026-07-24T11:38:34.214931+00:00",
  "newest_ts": 1784891672.347811
}
