{
  "backfill_complete": false,
  "frontier_ts": 1784400427.100254,
  "last_run_utc": "2026-07-21T11:59:32.943074+00:00",
  "newest_ts": 1784632849.978284
}
