{
  "backfill_complete": false,
  "frontier_ts": 1784381061.247316,
  "last_run_utc": "2026-07-22T11:54:26.314839+00:00",
  "newest_ts": 1784719334.404262
}
